member_casual,route,rides
casual,Streeter Dr & Grand Ave → Streeter Dr & Grand Ave,8871
casual,DuSable Lake Shore Dr & Monroe St → DuSable Lake Shore Dr & Monroe St,7161
casual,DuSable Lake Shore Dr & Monroe St → Streeter Dr & Grand Ave,5265
casual,Michigan Ave & Oak St → Michigan Ave & Oak St,4460
casual,Millennium Park → Millennium Park,3185
casual,Dusable Harbor → Dusable Harbor,2960
casual,Streeter Dr & Grand Ave → DuSable Lake Shore Dr & Monroe St,2626
casual,Shedd Aquarium → Streeter Dr & Grand Ave,2387
casual,Shedd Aquarium → DuSable Lake Shore Dr & Monroe St,2186
casual,Dusable Harbor → Streeter Dr & Grand Ave,2158
casual,Montrose Harbor → Montrose Harbor,2141
casual,Shedd Aquarium → Shedd Aquarium,2097
casual,DuSable Lake Shore Dr & North Blvd → DuSable Lake Shore Dr & North Blvd,2071
casual,Streeter Dr & Grand Ave → Millennium Park,1976
casual,Michigan Ave & 8th St → Michigan Ave & 8th St,1961
casual,DuSable Lake Shore Dr & Monroe St → Shedd Aquarium,1952
casual,Streeter Dr & Grand Ave → DuSable Lake Shore Dr & North Blvd,1948
casual,Adler Planetarium → Adler Planetarium,1831
casual,Streeter Dr & Grand Ave → Michigan Ave & Oak St,1811
casual,Theater on the Lake → Theater on the Lake,1799
casual,Buckingham Fountain → Buckingham Fountain,1790
casual,DuSable Lake Shore Dr & Monroe St → Dusable Harbor,1705
casual,Millennium Park → Streeter Dr & Grand Ave,1487
casual,Streeter Dr & Grand Ave → Theater on the Lake,1453
casual,Shedd Aquarium → Millennium Park,1376
casual,Michigan Ave & Oak St → Streeter Dr & Grand Ave,1371
casual,Streeter Dr & Grand Ave → Shedd Aquarium,1279
casual,Ellis Ave & 60th St → Ellis Ave & 55th St,1251
casual,Indiana Ave & Roosevelt Rd → Indiana Ave & Roosevelt Rd,1239
casual,DuSable Lake Shore Dr & North Blvd → Streeter Dr & Grand Ave,1206
casual,Ellis Ave & 55th St → Ellis Ave & 60th St,1098
casual,Dusable Harbor → DuSable Lake Shore Dr & Monroe St,941
casual,New St & Illinois St → New St & Illinois St,920
casual,DuSable Lake Shore Dr & Monroe St → Michigan Ave & Oak St,831
casual,Ellis Ave & 60th St → University Ave & 57th St,816
casual,Adler Planetarium → Streeter Dr & Grand Ave,802
casual,Michigan Ave & Oak St → Theater on the Lake,749
casual,Lakefront Trail & Wilson Ave → Lakefront Trail & Wilson Ave,724
casual,DuSable Lake Shore Dr & Belmont Ave → DuSable Lake Shore Dr & Belmont Ave,724
casual,Theater on the Lake → Streeter Dr & Grand Ave,693
casual,Shore Dr & 55th St → Shore Dr & 55th St,680
casual,Columbus Dr & Randolph St → Columbus Dr & Randolph St,680
casual,University Ave & 57th St → Ellis Ave & 60th St,667
casual,Buckingham Fountain → Streeter Dr & Grand Ave,665
casual,Lakefront Trail & Bryn Mawr Ave → Lakefront Trail & Bryn Mawr Ave,601
casual,DuSable Lake Shore Dr & Diversey Pkwy → DuSable Lake Shore Dr & Diversey Pkwy,572
casual,Chicago Ave & Sheridan Rd → Sheridan Rd & Noyes St (NU),507
casual,Shedd Aquarium → Dusable Harbor,479
casual,DuSable Lake Shore Dr & Monroe St → DuSable Lake Shore Dr & North Blvd,470
casual,Sheridan Rd & Noyes St (NU) → Chicago Ave & Sheridan Rd,458
casual,DuSable Lake Shore Dr & Monroe St → Millennium Park,457
casual,Michigan Ave & Lake St → Michigan Ave & Lake St,444
casual,Michigan Ave & Oak St → DuSable Lake Shore Dr & Monroe St,437
casual,Field Blvd & South Water St → Field Blvd & South Water St,421
casual,Wabash Ave & Grand Ave → Wabash Ave & Grand Ave,412
casual,Streeter Dr & Grand Ave → Wabash Ave & Grand Ave,410
casual,Adler Planetarium → DuSable Lake Shore Dr & Monroe St,385
casual,Field Museum → Field Museum,380
casual,Clark St & Lincoln Ave → Clark St & Lincoln Ave,372
casual,Michigan Ave & 8th St → Millennium Park,341
casual,McClurg Ct & Ohio St → McClurg Ct & Ohio St,341
casual,DuSable Lake Shore Dr & Monroe St → Adler Planetarium,332
casual,Michigan Ave & Washington St → Michigan Ave & Washington St,316
casual,Millennium Park → Shedd Aquarium,280
casual,Lincoln Park Conservatory → Lincoln Park Conservatory,274
casual,Theater on the Lake → Michigan Ave & Oak St,265
casual,DuSable Lake Shore Dr & North Blvd → DuSable Lake Shore Dr & Monroe St,260
casual,Field Museum → DuSable Lake Shore Dr & Monroe St,253
casual,Buckingham Fountain → Millennium Park,251
casual,Blackstone Ave & 59th St → University Ave & 57th St,248
casual,McCormick Place → McCormick Place,248
casual,University Ave & 57th St → Kimbark Ave & 53rd St,246
casual,University Ave & 57th St → Lake Park Ave & 56th St,233
casual,Kimbark Ave & 53rd St → University Ave & 57th St,226
casual,Michigan Ave & Oak St → DuSable Lake Shore Dr & North Blvd,226
casual,Cityfront Plaza Dr & Pioneer Ct → Cityfront Plaza Dr & Pioneer Ct,225
casual,Field Museum → Streeter Dr & Grand Ave,225
casual,Streeter Dr & Grand Ave → Streeter Dr/Grand Ave,218
casual,Streeter Dr & Grand Ave → Fairbanks Ct & Grand Ave,187
casual,Fairbanks Ct & Grand Ave → Fairbanks Ct & Grand Ave,168
casual,Chicago Ave & Sheridan Rd → Chicago Ave & Sheridan Rd,163
casual,Streeter Dr & Grand Ave → Dusable Harbor,160
casual,Michigan Ave & 8th St → Streeter Dr & Grand Ave,155
casual,Michigan Ave & Jackson Blvd → Michigan Ave & Jackson Blvd,153
casual,Benson Ave & Church St → Sheridan Rd & Noyes St (NU),146
casual,Michigan Ave & Washington St → Streeter Dr & Grand Ave,141
casual,Millennium Park → DuSable Lake Shore Dr & Monroe St,137
casual,Field Museum → Millennium Park,128
casual,Streeter Dr/Grand Ave → Streeter Dr & Grand Ave,127
casual,DuSable Lake Shore Dr & Wellington Ave → DuSable Lake Shore Dr & Wellington Ave,126
casual,Streeter Dr & Grand Ave → Michigan Ave & 8th St,125
casual,DuSable Lake Shore Dr & Monroe St → Theater on the Lake,125
casual,Dusable Harbor → DuSable Lake Shore Dr & North Blvd,124
casual,Wabash Ave & Wacker Pl → Wabash Ave & Wacker Pl,119
casual,Lincoln Park Conservatory → Streeter Dr & Grand Ave,110
casual,Burnham Harbor → DuSable Lake Shore Dr & Monroe St,110
casual,Streeter Dr & Grand Ave → Michigan Ave & Washington St,109
casual,Cannon Dr & Fullerton Ave → Cannon Dr & Fullerton Ave,102
casual,Streeter Dr & Grand Ave → LaSalle St & Illinois St,102
casual,Marine Dr & Ainslie St → Marine Dr & Ainslie St,101
casual,Streeter Dr & Grand Ave → Lincoln Park Conservatory,100
casual,Millennium Park → Adler Planetarium,89
casual,Streeter Dr & Grand Ave → Adler Planetarium,87
casual,Calumet Ave & 33rd St → State St & 33rd St,87
casual,Sheridan Rd & Noyes St (NU) → Sheridan Rd & Noyes St (NU),68
casual,Lake Park Ave & 56th St → University Ave & 57th St,60
casual,Shedd Aquarium → Indiana Ave & Roosevelt Rd,59
casual,Fort Dearborn Dr & 31st St* → Fort Dearborn Dr & 31st St*,54
casual,University Ave & 57th St → University Ave & 57th St,53
casual,Wabash Ave & 9th St → Wabash Ave & 9th St,51
casual,Sheridan Rd & Noyes St (NU) → Benson Ave & Church St,50
casual,Adler Planetarium → Indiana Ave & Roosevelt Rd,49
casual,Indiana Ave & Roosevelt Rd → Streeter Dr & Grand Ave,48
casual,Dearborn St & Erie St → Dearborn St & Erie St,45
casual,Stockton Dr & Wrightwood Ave → Stockton Dr & Wrightwood Ave,44
casual,Streeter Dr/Grand Ave → Streeter Dr/Grand Ave,44
casual,Glenwood Ave & Touhy Ave → Greenview Ave & Jarvis Ave,42
casual,Streeter Dr & Grand Ave → Indiana Ave & Roosevelt Rd,42
casual,Clark St & Elm St → Clark St & Elm St,41
casual,Evanston Civic Center → Sheridan Rd & Noyes St (NU),41
casual,Ellis Ave & 60th St → Kimbark Ave & 53rd St,39
casual,Ellis Ave & 55th St → Kimbark Ave & 53rd St,34
casual,Lake Park Ave & 35th St → Lake Park Ave & 35th St,34
casual,Kedzie Ave & Milwaukee Ave → Kosciuszko Park,34
casual,DuSable Lake Shore Dr & Monroe St → Streeter Dr/Grand Ave,29
casual,Damen Ave & Cortland St → Damen Ave & Cortland St,29
casual,State St & Pearson St → Mies van der Rohe Way & Chicago Ave,27
casual,Broadway & Thorndale Ave → Broadway & Thorndale Ave,26
casual,Halsted St & Polk St → Clinton St & Madison St,26
casual,Millennium Park → Michigan Ave & 8th St,25
casual,DuSable Lake Shore Dr & North Blvd → Streeter Dr/Grand Ave,25
casual,900 W Harrison St → Clinton St & Jackson Blvd,25
casual,Woodlawn Ave & 55th St → Kimbark Ave & 53rd St,25
casual,Wells St & Huron St → Clark St & Elm St,23
casual,Sheffield Ave & Wellington Ave → Sheffield Ave & Wellington Ave,22
casual,Peoria St & Jackson Blvd → Peoria St & Jackson Blvd,22
casual,Wells St & Elm St → Wells St & Huron St,22
casual,Winchester (Ravenswood) Ave & Balmoral Ave → Winchester (Ravenswood) Ave & Balmoral Ave,21
casual,Sheffield Ave & Wellington Ave → Southport Ave & Wellington Ave,21
casual,State St & Chicago Ave → Clark St & Elm St,21
casual,900 W Harrison St → Clinton St & Madison St,21
casual,Clinton St & Washington Blvd → Wells St & Huron St,21
casual,Ellis Ave & 60th St → Blackstone Ave & 59th St,20
casual,Wells St & Evergreen Ave → Wells St & Huron St,20
casual,Wabash Ave & Grand Ave → McClurg Ct & Ohio St,20
casual,Ellis Ave & 60th St → Ellis Ave & 58th St,19
casual,Wells St & Walton St → Wells St & Hubbard St,19
casual,Theater on the Lake → Streeter Dr/Grand Ave,19
casual,Michigan Ave & Lake St → Green St & Madison St,19
casual,Clinton St & Roosevelt Rd → Clinton St & Tilden St,19
casual,LaSalle St & Illinois St → Clark St & Elm St,19
casual,Shedd Aquarium → Streeter Dr/Grand Ave,18
casual,Wells St & Huron St → Wells St & Evergreen Ave,18
casual,Clark St & Elm St → Dearborn St & Erie St,17
casual,Ogden Ave & Race Ave → Ogden Ave & Race Ave,16
casual,Damen Ave & Charleston St → Leavitt St & Belmont Ave,16
casual,Blackstone Ave & 59th St → University Ave & 59th St,16
casual,Damen Ave & Thomas St (Augusta Blvd) → Damen Ave & Pierce Ave,15
casual,Ellis Ave & 55th St → University Ave & 59th St,15
casual,Leavitt St & Belmont Ave → Damen Ave & Charleston St,15
casual,State St & Chicago Ave → State St & Chicago Ave,15
casual,Kimbark Ave & 53rd St → Kimbark Ave & 53rd St,11
casual,Stockton Dr & Wrightwood Ave → Lincoln Park Conservatory,8
casual,Ashland Ave & Lake St → Wood St & Hubbard St,8
casual,Wells St & Concord Ln → Halsted St & Willow St,7
casual,Michigan Ave & Oak St → Lincoln Park Conservatory,7
casual,Ogden Ave & Chicago Ave → State St & Chicago Ave,7
casual,Orleans St & Merchandise Mart Plaza → State St & Chicago Ave,7
casual,Damen Ave & Sunnyside Ave → Damen Ave & Sunnyside Ave,6
casual,Broadway & Wilson Ave → Clark St & Montrose Ave,6
casual,Museum of Science and Industry → Kimbark Ave & 53rd St,6
casual,Blackstone Ave & 59th St → Kimbark Ave & 53rd St,5
casual,Wells St & Elm St → State St & Chicago Ave,5
casual,Sedgwick St & North Ave → Halsted St & Willow St,5
casual,Wood St & Milwaukee Ave → State St & Chicago Ave,5
casual,Dearborn St & Erie St → Lincoln Park Conservatory,4
casual,Wells St & Huron St → State St & Chicago Ave,4
casual,Wells St & Evergreen Ave → State St & Chicago Ave,4
casual,Franklin St & Chicago Ave → State St & Chicago Ave,4
casual,Larrabee St & Webster Ave → Lincoln Park Conservatory,4
casual,Kingsbury St & Kinzie St → State St & Chicago Ave,4
casual,Sedgwick St & North Ave → State St & Chicago Ave,4
casual,Halsted St & Fulton St → State St & Chicago Ave,4
casual,LaSalle St & Illinois St → State St & Chicago Ave,4
casual,Halsted St & Fulton St → Halsted St & Willow St,3
casual,Clarendon Ave & Gordon Ter → Clark St & Montrose Ave,3
casual,Wells St & Evergreen Ave → Halsted St & Willow St,3
casual,DuSable Lake Shore Dr & Wellington Ave → Lincoln Park Conservatory,3
casual,Wells St & Walton St → State St & Chicago Ave,3
casual,Larrabee St & Webster Ave → Halsted St & Willow St,3
casual,State St & 33rd St → MLK Jr Dr & Pershing Rd,3
casual,Aberdeen St & Randolph St → State St & Chicago Ave,3
casual,Dearborn Pkwy & Delaware Pl → State St & Chicago Ave,3
casual,Damen Ave & Chicago Ave → State St & Chicago Ave,3
casual,Michigan Ave & Pearson St → State St & Chicago Ave,3
casual,Clark St & Lincoln Ave → Halsted St & Willow St,3
casual,Maplewood Ave & Peterson Ave → Maplewood Ave & Peterson Ave,3
casual,Wood St & Hubbard St → Wood St & Hubbard St,3
casual,Field Blvd & South Water St → Lincoln Park Conservatory,3
casual,Franklin St & Illinois St → State St & Chicago Ave,3
casual,Wilton Ave & Belmont Ave → Lincoln Park Conservatory,3
casual,Clark St & Montrose Ave → Clark St & Montrose Ave,3
casual,State St & Kinzie St → Wood St & Hubbard St,3
casual,Ravenswood Ave & Lawrence Ave → Damen Ave & Sunnyside Ave,3
casual,W Armitage Ave & N Sheffield Ave → Halsted St & Willow St,3
casual,Broadway & Barry Ave → Lincoln Park Conservatory,3
casual,Franklin St & Jackson Blvd → State St & Chicago Ave,3
member,State St & 33rd St → Calumet Ave & 33rd St,5585
member,Calumet Ave & 33rd St → State St & 33rd St,5504
member,Ellis Ave & 60th St → Ellis Ave & 55th St,3718
member,University Ave & 57th St → Ellis Ave & 60th St,3674
member,Ellis Ave & 60th St → University Ave & 57th St,3603
member,Ellis Ave & 55th St → Ellis Ave & 60th St,3395
member,Loomis St & Lexington St → Morgan St & Polk St,2186
member,Morgan St & Polk St → Loomis St & Lexington St,1922
member,MLK Jr Dr & 29th St → State St & 33rd St,1369
member,Blackstone Ave & 59th St → University Ave & 57th St,1319
member,University Ave & 57th St → Kimbark Ave & 53rd St,1300
member,Dearborn St & Erie St → Dearborn St & Erie St,1146
member,University Ave & 57th St → Blackstone Ave & 59th St,1072
member,University Ave & 57th St → Lake Park Ave & 56th St,1061
member,Ellis Ave & 55th St → Kimbark Ave & 53rd St,1026
member,Kimbark Ave & 53rd St → University Ave & 57th St,1010
member,Ellis Ave & 58th St → Ellis Ave & 60th St,920
member,State St & 33rd St → MLK Jr Dr & 29th St,842
member,Ellis Ave & 60th St → Ellis Ave & 58th St,831
member,Rhodes Ave & 32nd St → State St & 33rd St,812
member,Lake Park Ave & 56th St → University Ave & 57th St,718
member,University Ave & 57th St → Ellis Ave & 55th St,712
member,Halsted St & Polk St → Loomis St & Lexington St,628
member,Ellis Ave & 60th St → Blackstone Ave & 59th St,556
member,Kimbark Ave & 53rd St → Ellis Ave & 55th St,516
member,University Ave & 59th St → Ellis Ave & 60th St,479
member,State St & 33rd St → Rhodes Ave & 32nd St,433
member,Loomis St & Lexington St → Halsted St & Polk St,364
member,Ellis Ave & 60th St → University Ave & 59th St,352
member,Kingsbury St & Kinzie St → Clinton St & Washington Blvd,349
member,Sheridan Rd & Noyes St (NU) → Chicago Ave & Sheridan Rd,297
member,Chicago Ave & Sheridan Rd → Sheridan Rd & Noyes St (NU),261
member,MLK Jr Dr & 29th St → Calumet Ave & 33rd St,241
member,Blackstone Ave & 59th St → Ellis Ave & 60th St,226
member,Halsted St & Polk St → Halsted St & Maxwell St,225
member,Wolcott Ave & Polk St → Loomis St & Lexington St,193
member,Michigan Ave & Lake St → Columbus Dr & Randolph St,184
member,Woodlawn Ave & 58th St → Blackstone Ave & 59th St,170
member,Ellis Ave & 55th St → University Ave & 57th St,167
member,Bissell St & Armitage Ave* → W Armitage Ave & N Sheffield Ave,158
member,State St & 35th St → Calumet Ave & 33rd St,156
member,Ellis Ave & 58th St → Ellis Ave & 55th St,152
member,Streeter Dr & Grand Ave → Streeter Dr & Grand Ave,150
member,Calumet Ave & 33rd St → State St & 35th St,147
member,Sheffield Ave & Fullerton Ave → Greenview Ave & Fullerton Ave,145
member,MLK Jr Dr & 29th St → Rhodes Ave & 32nd St,134
member,DuSable Lake Shore Dr & Monroe St → DuSable Lake Shore Dr & Monroe St,130
member,University Ave & 57th St → Cornell Ave & Hyde Park Blvd,120
member,Blackstone Ave & 59th St → University Ave & 59th St,105
member,University Ave & 59th St → Blackstone Ave & 59th St,101
member,Wells St & Elm St → State St & Chicago Ave,98
member,Benson Ave & Church St → Sheridan Rd & Noyes St (NU),92
member,University Ave & 57th St → Woodlawn Ave & 55th St,88
member,Halsted St & Maxwell St → Halsted St & Polk St,88
member,University Ave & 57th St → University Ave & 57th St,87
member,Broadway & Belmont Ave → Wilton Ave & Belmont Ave,84
member,Clark St & Winnemac Ave → Ravenswood Ave & Lawrence Ave,81
member,Blackstone Ave & 59th St → Woodlawn Ave & 58th St,80
member,Kingsbury St & Erie St → Kingsbury St & Kinzie St,79
member,Kimbark Ave & 53rd St → Kimbark Ave & 53rd St,79
member,Sheridan Rd & Buena Ave → Sheridan Rd & Irving Park Rd,71
member,State St & Chicago Ave → Clark St & Elm St,70
member,Clark St & Elm St → Clark St & Elm St,69
member,Woodlawn Ave & 55th St → Kimbark Ave & 53rd St,67
member,Wabash Ave & Roosevelt Rd → Wabash Ave & 9th St,63
member,MLK Jr Dr & 29th St → Indiana Ave & 31st St,61
member,Ellis Ave & 53rd St → University Ave & 57th St,61
member,Kingsbury St & Kinzie St → Kingsbury St & Kinzie St,61
member,Ellis Ave & 58th St → Kimbark Ave & 53rd St,58
member,University Ave & 59th St → Kimbark Ave & 53rd St,58
member,Clinton St & Madison St → Peoria St & Jackson Blvd,57
member,Kingsbury St & Kinzie St → Green St & Madison St,53
member,Evanston Civic Center → Sheridan Rd & Noyes St (NU),51
member,Kingsbury St & Kinzie St → Clinton St & Madison St,49
member,Sheffield Ave & Wellington Ave → Southport Ave & Wellington Ave,48
member,Peoria St & Jackson Blvd → Peoria St & Jackson Blvd,47
member,Desplaines St & Kinzie St → Clinton St & Madison St,47
member,Aberdeen St & Jackson Blvd → Peoria St & Jackson Blvd,46
member,Streeter Dr & Grand Ave → Dusable Harbor,46
member,Clark St & Elm St → State St & Chicago Ave,45
member,Clark St & Bryn Mawr Ave → Broadway & Thorndale Ave,44
member,Columbus Dr & Randolph St → Green St & Madison St,43
member,900 W Harrison St → Peoria St & Jackson Blvd,43
member,Larrabee St & Kingsbury St → State St & Chicago Ave,43
member,Clinton St & Madison St → Clinton St & Jackson Blvd,42
member,Southport Ave & Wellington Ave → Sheffield Ave & Wellington Ave,42
member,Ellis Ave & 60th St → Kimbark Ave & 53rd St,41
member,Clinton St & Madison St → Green St & Madison St,41
member,Jefferson St & Monroe St → Peoria St & Jackson Blvd,41
member,Morgan St & Polk St → Clinton St & Jackson Blvd,41
member,Clinton St & Lake St → Clinton St & Jackson Blvd,41
member,Wells St & Walton St → State St & Chicago Ave,38
member,Loomis St & Lexington St → Peoria St & Jackson Blvd,38
member,Larrabee St & Division St → Clark St & Elm St,37
member,Southport Ave & Waveland Ave → Southport Ave & Wellington Ave,37
member,Broadway & Berwyn Ave → Broadway & Thorndale Ave,37
member,Indiana Ave & Roosevelt Rd → Clinton St & Tilden St,37
member,Morgan St & Polk St → Peoria St & Jackson Blvd,36
member,Clark St & Schiller St → Clark St & Elm St,35
member,Lake Park Ave & 53rd St → Kimbark Ave & 53rd St,32
member,State St & Chicago Ave → State St & Chicago Ave,30
member,Kingsbury St & Kinzie St → State St & Chicago Ave,29
member,Wells St & Huron St → State St & Chicago Ave,23
member,Orleans St & Merchandise Mart Plaza → State St & Chicago Ave,23
member,Dearborn St & Erie St → State St & Chicago Ave,20
member,Sedgwick St & Huron St → State St & Chicago Ave,19
member,Ravenswood Ave & Lawrence Ave → Damen Ave & Sunnyside Ave,18
member,Ashland Ave & Lake St → Wood St & Hubbard St,17
member,Halsted St & Willow St → Halsted St & Willow St,16
member,Lincoln Park Conservatory → Lincoln Park Conservatory,13
member,Blackstone Ave & 59th St → Kimbark Ave & 53rd St,13
member,Wells St & Evergreen Ave → State St & Chicago Ave,12
member,Desplaines St & Kinzie St → Wood St & Hubbard St,12
member,Orleans St & Elm St → State St & Chicago Ave,12
member,Dearborn St & Monroe St → State St & Chicago Ave,10
member,Rush St & Cedar St → State St & Chicago Ave,10
member,Clark St & Montrose Ave → Clark St & Montrose Ave,10
member,Franklin St & Chicago Ave → State St & Chicago Ave,9
member,Ogden Ave & Chicago Ave → State St & Chicago Ave,9
member,State St & 33rd St → MLK Jr Dr & Pershing Rd,9
member,Mies van der Rohe Way & Chicago Ave → State St & Chicago Ave,8
member,Kingsbury St & Kinzie St → Wood St & Hubbard St,8
member,Damen Ave & Leland Ave → Damen Ave & Sunnyside Ave,8
member,Broadway & Wilson Ave → Clark St & Montrose Ave,8
member,Ashland Ave & Chicago Ave → State St & Chicago Ave,8
member,Desplaines St & Kinzie St → State St & Chicago Ave,8
member,LaSalle St & Jackson Blvd → Halsted St & Willow St,7
member,Damen Ave & Chicago Ave → Wood St & Hubbard St,7
member,New St & Illinois St → State St & Chicago Ave,7
member,Museum of Science and Industry → Kimbark Ave & 53rd St,7
member,Clark St & Chicago Ave → State St & Chicago Ave,7
member,Aberdeen St & Randolph St → State St & Chicago Ave,6
member,Michigan Ave & Washington St → State St & Chicago Ave,6
member,Damen Ave & Leland Ave → Maplewood Ave & Peterson Ave,6
member,Wood St & Hubbard St → Halsted St & Willow St,6
member,Ravenswood Ave & Lawrence Ave → Clark St & Montrose Ave,6
member,Orleans St & Chestnut St (NEXT Apts) → State St & Chicago Ave,6
member,Stockton Dr & Wrightwood Ave → Lincoln Park Conservatory,6
member,Damen Ave & Grand Ave → Wood St & Hubbard St,5
member,Wolcott (Ravenswood) Ave & Montrose Ave → Clark St & Montrose Ave,5
member,Daley Center Plaza → State St & Chicago Ave,5
member,Wabash Ave & Adams St → State St & Chicago Ave,5
member,Halsted St & Willow St → Wood St & Hubbard St,5
